Artist,Instruments,First Year Active,Last Year Active,Genres,Labels,Listeners on LastFM,Listeners on spotify,Most popular song listenings on Spotify,Scrobbles,Deezer fans number,Latest Release,Born,Died,Last FM,Wiki,Deezer,Spotify
Mary Lou Williams,Piano,1920,1981,"Jazz, gospel, swing, third stream, bebop","Brunswick, Decca, Asch, Folkways, Victor, King, Atlantic, Circle, Vogue, Pablo",82300,228558,7027286,448100,1847,"Top 70 Classics - The Very Best of Mary Lou Williams, Vol. 2",8 May 1910,28 May 1981,https://www.last.fm/music/Mary+Lou+Williams,https://en.wikipedia.org/wiki/Mary_Lou_Williams,https://www.deezer.com/us/artist/57542,https://open.spotify.com/artist/6hrEc1XqVcGLK0Di6zVADR
Count Basie,"Piano, organ",1924,1984,"Jazz, swing, big band, piano blues",,520900,3620196,320301792,4900000,67555,One O'clock Boogie,21 August 1904,26 April 1984,https://www.last.fm/music/Count+Basie,https://en.wikipedia.org/wiki/Count_Basie,https://www.deezer.com/us/artist/7306,https://open.spotify.com/artist/2jFZlvIea42ZvcCw4OeEdA
Art Tatum,Piano,Mid-1920s,1956,"Jazz, stride","Brunswick, Decca, Capitol, Clef, Verve",305400,381134,10929681,3000000,15518,Sleepless Times,13 October 1909,5 November 1956,https://www.last.fm/music/Art+Tatum,https://en.wikipedia.org/wiki/Art_Tatum,https://www.deezer.com/us/artist/57510,https://open.spotify.com/artist/3DtSOCXYU6o4EV0K1NgIKq
Gil Evans,Piano,1933,1988,"Jazz, third stream, cool jazz, modal jazz, jazz fusion, free jazz","Prestige, World Pacific, Impulse!, RCA, Verve, Columbia, King, EmArcy",56000,47101,957210,386800,4095,Back To Black And White,13 May 1912,20 March 1988,https://www.last.fm/music/Gil+Evans,https://en.wikipedia.org/wiki/Gil_Evans,https://www.deezer.com/us/artist/13601,https://open.spotify.com/artist/7g9DeYASD3RzlT4kDchsQZ
Sun Ra,Piano organ keyboards Minimoog celesta percussion vocals,1934,1993,"Avant-garde jazz, free jazz, jazz fusion, experimental, bebop, space music, [1]","El Saturn Records, Impulse!, MPS, ESP-Disk, Black Saint, A&M, Leo, Rounder",301000,206410,2677604,5500000,12224,Swirling,22 May 1914,30 May 1993,https://www.last.fm/music/Sun+Ra,https://en.wikipedia.org/wiki/Sun_Ra,https://www.deezer.com/us/artist/9317,https://open.spotify.com/artist/0tIODqvzGUoEaK26rK4pvX
Tommy Flanagan,Piano,1940s,2001,"Bebop, hard bop, mainstream jazz",,150800,257447,8283200,880700,2645,SUPER SESSION (Remaster),16 March 1930,16 November 2001,https://www.last.fm/music/Tommy+Flanagan,https://en.wikipedia.org/wiki/Tommy_Flanagan,https://www.deezer.com/us/artist/75588,https://open.spotify.com/artist/6dUZplQfg5blo0h9HiJ94d
Thelonious Monk,Piano,1940s,1973,"Jazz, cool jazz, bebop, hard bop","Blue Note, Prestige, Riverside, Columbia",796900,1020094,23336583,13300000,192712,Darn That Dream,10 October 1917,17 February 1982,https://www.last.fm/music/Thelonious+Monk,https://en.wikipedia.org/wiki/Thelonious_Monk,https://www.deezer.com/us/artist/5136,https://open.spotify.com/artist/4PDpGtF16XpqvXxsrFwQnN
Red Garland,Piano,1940s,1984,"Jazz, straight-ahead jazz, bebop, hard bop",Prestige,125100,442522,14191914,995100,17089,Endless Sky,13 May 1923,23 April 1984,https://www.last.fm/music/Red+Garland,https://en.wikipedia.org/wiki/Red_Garland,https://www.deezer.com/us/artist/74588,https://open.spotify.com/artist/35iymrFS4VnsKn35ebHKX9
Dave Brubeck,Piano,1940s,2012,"Jazz, cool jazz, West Coast jazz, third stream","Fantasy Records, Columbia, Legacy, Sony, Decca, Atlantic, A&M, Concord, MusicMasters, Telarc, Naxos",667100,1839230,7332837,7900000,155858,Out Of Mind,6 December 1920,5 December 2012,https://www.last.fm/music/Dave+Brubeck,https://en.wikipedia.org/wiki/Dave_Brubeck,https://www.deezer.com/us/artist/4080,https://open.spotify.com/artist/3kUKwTJdH8FuWzF8p6Dg9E
George Russell,Piano,,,Jazz,,19400,4168,3792,139200,400,Night Ballad Songs,23 June 1923,27 July 2009,https://www.last.fm/music/George+Russell,https://en.wikipedia.org/wiki/George_Russell_(composer),https://www.deezer.com/us/artist/79371,https://open.spotify.com/artist/1CkthcIyaPjnbHLcwhbU7c
Stan Kenton Orchestra,Piano,1930,1978,"Progressive jazz, West Coast jazz, swing, orchestral jazz, [1]","Capitol, Decca",1754,430,2514,6111,306,Concert Impressions,15 December 1911,25 August 1979,https://www.last.fm/music/Stan+Kenton+Orchestra,https://en.wikipedia.org/wiki/Stan_Kenton_Orchestra,https://www.deezer.com/us/artist/111220,https://open.spotify.com/artist/1Tn3LCSkrG0C20MFPyIqDK
Erroll Garner,Piano,1944,1974,Jazz,"Mercury, Columbia, Verve, Blue Note, London, Savoy, Mack Avenue, EmArcy",201300,619528,4039102,1800000,15776,Endless Sky,15 June 1921,7 January 1977,https://www.last.fm/music/Erroll+Garner,https://en.wikipedia.org/wiki/Erroll_Garner,https://www.deezer.com/us/artist/16500,https://open.spotify.com/artist/6C65D20ASusYqHGSIktfED
Hank Jones,Piano,1944,2010,Jazz,"Verve, Savoy, Epic, Capitol, Argo, Impulse, Concord, Chesky, Sony",81500,258031,8278941,523299,20136,Sleepless Times,31 July 1918,16 May 2010,https://www.last.fm/music/Hank+Jones,https://en.wikipedia.org/wiki/Hank_Jones,https://www.deezer.com/us/artist/58327,https://open.spotify.com/artist/0BhFfJmScFj7OzqVaDqnSv
Oscar Peterson,Piano,1945,2007,"Jazz, classical","RCA Victor, Mercury, MPS, Pablo, Telarc, Verve",432400,1989551,1438058,5300000,117705,I Like My Morning Jacket,15 August 1925,23 December 2007,https://www.last.fm/music/Oscar+Peterson,https://en.wikipedia.org/wiki/Oscar_Peterson,https://www.deezer.com/us/artist/9123,https://open.spotify.com/artist/6zkX5fhrSD4tdVOmimR9wB
Horace Silver,Piano,1946,2004,"Jazz, hard bop, mainstream jazz, soul jazz, jazz fusion","Blue Note, Columbia, Impulse!, Verve",363100,582004,21554651,3000000,33056,Revolver Hits,2 September 1928,18 June 2014,https://www.last.fm/music/Horace+Silver,https://en.wikipedia.org/wiki/Horace_Silver,https://www.deezer.com/us/artist/3963,https://open.spotify.com/artist/5ZATfKurLqflrBhv2FLht5
Francy Boland,,,,,,3190,1076,116038,12300,91,"Playing With the Trio (feat. Kenny Clarke, Jimmy Woode)",6 November 1929,14 August 2005,https://www.last.fm/music/Francy+Boland,https://en.wikipedia.org/wiki/Francy_Boland,https://www.deezer.com/us/artist/74350,https://open.spotify.com/artist/1mavRaFvDnIEm1IWWLxoVO
Joe Zawinul,Keyboards,1949,2007,"Jazz, jazz fusion, world",Columbia,51000,32535,181527,384500,12395,Moonlight in Vermont,7 July 1932,11 September 2007,https://www.last.fm/music/Joe+Zawinul,https://en.wikipedia.org/wiki/Joe_Zawinul,https://www.deezer.com/us/artist/64415,https://open.spotify.com/artist/3DkK9XA1CI1i7U7ovpAo1G
Harold Mabern,Piano,1950s,2019,"Jazz, soul jazz","Sackville, Prestige, DIW, Smoke Sessions",6869,7969,68132,43900,309,Mabern Plays Mabern,20 March 1936,17 September 2019,https://www.last.fm/music/Harold+Mabern,https://en.wikipedia.org/wiki/Harold_Mabern,https://www.deezer.com/us/artist/91797,https://open.spotify.com/artist/0CHdvqcELhkUJEsftEZ965
Barry Harris,Piano,1950s,present,Jazz,"Prestige, Riverside, Xanadu",40500,269961,20553845,248900,720,Anthropology / Mucho Dinero,15 December 1929,,https://www.last.fm/music/Barry+Harris,https://en.wikipedia.org/wiki/Barry_Harris,https://www.deezer.com/us/artist/76027,https://open.spotify.com/artist/0v4es8yvR06oDJWG57Fxi8
Bill Evans,Piano,1950s,1980,"Jazz, modal jazz, third stream, cool jazz, post-bop","Riverside, Verve, Fantasy",688600,1773442,41488926,14200000,198694,Some Day My Prince Will Come,2 September 1956 ,,https://www.last.fm/music/Bill+Evans,https://en.wikipedia.org/wiki/Bill_Evans,https://www.deezer.com/us/artist/2060,https://open.spotify.com/artist/4jXfFzeP66Zy67HM2mvIIF
Ahmad Jamal,Piano,,,"Jazz, modal jazz","OKeh, Parrot, Epic, Argo, Atlantic, Dreyfus, Impulse!, Telarc",234200,360316,5785302,2900000,37860,Endless Sky,2 July 1930 ,,https://www.last.fm/music/Ahmad+Jamal,https://en.wikipedia.org/wiki/Ahmad_Jamal,https://www.deezer.com/us/artist/5135,https://open.spotify.com/artist/6gc6oo3u2f7SqTd4mhe81O
Sonny Clark,Piano,1953,1963,"Jazz, hard bop",Blue Note,145400,167120,8196717,939100,,Dial 'S' For Sonny,21 July 1931,13 January 1963,https://www.last.fm/music/Sonny+Clark,https://en.wikipedia.org/wiki/Sonny_Clark,https://www.deezer.com/us/artist/215708,https://open.spotify.com/artist/1Sc9ykJB728MAZab1Ocwy8
Ramsey Lewis Trio,"Piano, keyboards",1956,present,"Jazz, jazz-funk, pop","Cadet, Columbia, GRP, Narada, Concord, Hidden Beach",107200,561888,2642813,623900,,True Colours,27 May 1935,,https://www.last.fm/music/Ramsey+Lewis+Trio,https://en.wikipedia.org/wiki/Ramsey_Lewis_Trio,https://www.deezer.com/us/artist/115254042,https://open.spotify.com/artist/4jZOiPysIzYxbDcDEOZmhu
Antônio Carlos Jobim,Piano guitar flute vocals,1956,1994,"Bossa nova, Latin jazz, samba, MPB","Verve, Warner Bros., Elenco, A&M, CTI, MCA, Philips, Decca, Sony",596000,2536397,85778493,10800000,380437,Wonderful World,25 January 1927,8 December 1994,https://www.last.fm/music/Antônio+Carlos+Jobim,https://en.wikipedia.org/wiki/Antônio_Carlos_Jobim,https://www.deezer.com/us/artist/4085,https://open.spotify.com/artist/3pO5VjZ4wOHCMBXOvbMISG
Jimmy Smith,,,,,,313000,776831,10548593,2600000,25043,Endless Sky,,,https://www.last.fm/music/Jimmy+Smith,https://en.wikipedia.org/wiki/Jimmy_Smith_(musician),https://www.deezer.com/us/artist/13925,https://open.spotify.com/artist/5GXruybcLmXPjR9rKKFyS6
Jimmy McGriff,Organ,1960,2007,"Jazz, blues, soul-jazz","Groove Merchant, Sue, Solid State",125400,89891,267331,788100,1407,Live Through This,3 April 1936,24 May 2008,https://www.last.fm/music/Jimmy+McGriff,https://en.wikipedia.org/wiki/Jimmy_McGriff,https://www.deezer.com/us/artist/11304,https://open.spotify.com/artist/1A0QR12gcj2L5hYh1WWDeh
McCoy Tyner,Piano,1960,2020,"Jazz, avant-garde jazz","Impulse!, Blue Note, Milestone, Telarc, McCoy Tyner Music",356200,586805,63931252,2700000,13269,Back To Black And White,11 December 1938,6 March 2020,https://www.last.fm/music/McCoy+Tyner,https://en.wikipedia.org/wiki/McCoy_Tyner,https://www.deezer.com/us/artist/5119,https://open.spotify.com/artist/2EsmKkHsXK0WMNGOtIhbxr
Sérgio Mendes,Piano,1961,present,"Bossa nova, Latin, Latin jazz, jazz, disco, adult contemporary","Capitol, Atlantic, A&M, Elektra, Concord",389000,1357113,35473871,3900000,28566,Come Here Again With My Best Music,11 February 1941 ,,https://www.last.fm/music/Sérgio+Mendes,https://en.wikipedia.org/wiki/Sérgio_Mendes,https://www.deezer.com/us/artist/5615,https://open.spotify.com/artist/65c5si0ePAwkOCn4M35Ho7
Herbie Hancock,Keyboards,1961,present,"Jazz, post-bop, modal jazz, fusion, jazz-funk, electro, classical","Columbia, Blue Note, Warner Bros., Verve",1100000,1776469,43418412,14100000,328645,Back To Black And White,12 April 1940 ,,https://www.last.fm/music/Herbie+Hancock,https://en.wikipedia.org/wiki/Herbie_Hancock,https://www.deezer.com/us/artist/1406,https://open.spotify.com/artist/2ZvrvbQNrHKwjT7qfGFFUW
Chick Corea,"Piano, keyboards, vibraphone, drums",1962,present,"Jazz, jazz fusion, avant-garde jazz, latin jazz, classical, progressive rock","ECM, Polydor, Stretch, Warner Bros.",405200,636596,10184086,4400000,354603,Plays,12 June 1941 ,,https://www.last.fm/music/Chick+Corea,https://en.wikipedia.org/wiki/Chick_Corea,https://www.deezer.com/us/artist/8568,https://open.spotify.com/artist/5olDKSsFhhmwh8UCWwKtpq
Keith Jarrett,Piano,1966,2018,"Jazz, classical, jazz fusion, free improvisation","Atlantic, ECM, Impulse!, Universal Classics",436500,824947,11674098,7200000,398405,"J.S. Bach: The Well-Tempered Clavier, Book I",8 May 1945 ,,https://www.last.fm/music/Keith+Jarrett,https://en.wikipedia.org/wiki/Keith_Jarrett,https://www.deezer.com/us/artist/10611,https://open.spotify.com/artist/0F3Aew9DSd6fb6192K1K0Y
Mulgrew Miller,Piano,1970s,2013,Jazz,"Landmark, Novus, Maxjazz",79500,147761,25124970,321800,980,From Day to Day - Single,13 August 1955,29 May 2013,https://www.last.fm/music/Mulgrew+Miller,https://en.wikipedia.org/wiki/Mulgrew_Miller,https://www.deezer.com/us/artist/351196,https://open.spotify.com/artist/6Zq5ky484xYTgxE6dQ8yHh
Alan Pasqua,Keyboards,1970s,present,"Jazz, rock, jazz fusion","Postcards, Cryptogramophone, Moonjune",10900,27109,1057110,80200,,Soliloquy,28 June 1952 ,,https://www.last.fm/music/Alan+Pasqua,https://en.wikipedia.org/wiki/Alan_Pasqua,https://www.deezer.com/us/artist/129199,https://open.spotify.com/artist/1QDou4hCker2eGblLzIq80
Michel Petrucciani,Piano,1975,1999,Jazz,"Blue Note, Dreyfus",119500,51201,861729,1100000,35240,Colors,28 December 1962,6 January 1999,https://www.last.fm/music/Michel+Petrucciani,https://en.wikipedia.org/wiki/Michel_Petrucciani,https://www.deezer.com/us/artist/15978,https://open.spotify.com/artist/13kHQ586h4Lm9iwVyS2b3K
Fred Hersch,Piano,1977,present,Jazz,"Sunnyside, Chesky, Nonesuch, Palmetto",47200,54228,1040916,369900,2207,Lonely Woman (feat. Benoît Delbecq) - Single,21 October 1955 ,,https://www.last.fm/music/Fred+Hersch,https://en.wikipedia.org/wiki/Fred_Hersch,https://www.deezer.com/us/artist/63643,https://open.spotify.com/artist/7w7DFqQNjVMW5NRvjM8JPx
Billy Childs,,,,,,9451,59784,675131,43800,256,Acceptance,8 March 1957 ,,https://www.last.fm/music/Billy+Childs,,https://www.deezer.com/us/artist/127514,https://open.spotify.com/artist/2DalOaFXdbHCB4cyMJhQtR
Lars Jansson Trio,,,,,,3851,2316,177319,57400,70,Just This,,,https://www.last.fm/music/Lars+Jansson+Trio,,https://www.deezer.com/us/artist/1603815,https://open.spotify.com/artist/0VfeNMnzhhUyyFwvyi3yJk
Brad Mehldau,Piano,Late,1980s,"Jazz, post-bop","Warner Bros., Nonesuch",314200,693425,3128309,4400000,49677,Suite: April 2020,23 August 1970 ,,https://www.last.fm/music/Brad+Mehldau,https://en.wikipedia.org/wiki/Brad_Mehldau,https://www.deezer.com/us/artist/3964,https://open.spotify.com/artist/2vI9KFm0fwSfPrpEgOeIbq
Edward Simon,Piano,1988,present,"Jazz, Latin jazz, world fusion","AudioQuest, Sunnyside, CAM Jazz",11700,215715,922232,53500,229,Sorrows & Triumphs (with Afinidad & Imani Winds),,,https://www.last.fm/music/Edward+Simon,https://en.wikipedia.org/wiki/Edward_Simon_(musician),https://www.deezer.com/us/artist/404079,https://open.spotify.com/artist/0FAC6FNPb4LsY5uyp0xTWF
Bugge Wesseltoft,Piano keyboards electronic instruments percussion,,,"Jazz, nu jazz, electronica","Jazzland Recordings, ECM Records",220300,211555,1033998,2900000,6597,Space Sailors (feat. Dan Berglund),1 February 1964 ,,https://www.last.fm/music/Bugge+Wesseltoft,https://en.wikipedia.org/wiki/Bugge_Wesseltoft,https://www.deezer.com/us/artist/8024,https://open.spotify.com/artist/4p35pLn1lRgqoVVsnqNZEK
Jacky Terrasson,Piano,1990s,present,Jazz,"Blue Note, Impulse!",100700,367482,3654680,538200,7647,53,27 November 1965 ,,https://www.last.fm/music/Jacky+Terrasson,https://en.wikipedia.org/wiki/Jacky_Terrasson,https://www.deezer.com/us/artist/506,https://open.spotify.com/artist/2I5A4xP3QGJEDKGhhXMAVr
Esbjörn Svensson Trio,,1993 ,2008 ,"Jazz, instrumental music, bebop",ACT,370000,413242,15033912,7100000,17841,The Second Page,,,https://www.last.fm/music/Esbjörn+Svensson+Trio,https://en.wikipedia.org/wiki/Esbjörn_Svensson_Trio,https://www.deezer.com/us/artist/5807,https://open.spotify.com/artist/3HJzLaMbS0jMabxS3wttGk
Lynne Arriale Trio,,,,,,5482,14098,601015,29700,134,Chimes of Freedom,,,https://www.last.fm/music/Lynne+Arriale+Trio,,https://www.deezer.com/us/artist/99672,https://open.spotify.com/artist/5aSW8XbsteHFgFPYpp1s3x
Vijay Iyer,Piano,,,Jazz,"Pi, Artists House, Savoy, ACT, ECM",33900,14752,1059191,314500,1688,Sensorium,26 October 1971 ,,https://www.last.fm/music/Vijay+Iyer,https://en.wikipedia.org/wiki/Vijay_Iyer,https://www.deezer.com/us/artist/406118,https://open.spotify.com/artist/27DeRe5LjIt9ZPXUjF90h6
Myriam Alter,,,,,,8372,33140,795313,78200,251,It Takes Two,26 September 1945 ,,https://www.last.fm/music/Myriam+Alter,,https://www.deezer.com/us/artist/331778,https://open.spotify.com/artist/4pyOzuuAajiixTAjYa0TFZ
Aaron Goldberg,Piano,1995,present,Jazz,Sunnyside,156000,120242,7774082,478800,956,At the Edge of the World,30 April 1974 ,,https://www.last.fm/music/Aaron+Goldberg,https://en.wikipedia.org/wiki/Aaron_Goldberg,https://www.deezer.com/us/artist/400234,https://open.spotify.com/artist/0BTfBwYC5Mw5ezDg91JBma
Jacob Karlzon,,,,,,11400,23972,298478,58300,590,How It Ends,19 October 1970 ,,https://www.last.fm/music/Jacob+Karlzon,,https://www.deezer.com/us/artist/2703081,https://open.spotify.com/artist/3R4vdaqhh9jn2fOCned9nM
Hiromi,,,,,,96200,126046,3065515,1600000,17035,Tokyo Otemoyan,,,https://www.last.fm/music/Hiromi,,https://www.deezer.com/us/artist/15354,https://open.spotify.com/artist/7DeuppKQdCVhuWrzzCBBpc
Nik Bärtsch,,,,,,12600,18234,805263,123700,450,Hishiryo - Piano Solo,3 August 1971 ,,https://www.last.fm/music/Nik+Bärtsch,,https://www.deezer.com/us/artist/250426,https://open.spotify.com/artist/2tVApsyMhUNv0jc7r18YUd
Triosence,,1999,present,Jazz,Mons,34900,73857,8893018,230400,4028,scorpio rising,,,https://www.last.fm/music/Triosence,https://en.wikipedia.org/wiki/Triosence,https://www.deezer.com/us/artist/334186,https://open.spotify.com/artist/2NxFqOk7uZCe0hxfohdWJX
Martin Tingvall,,,,,,4337,9425,184236,52500,375,The Rocket in Space,1974 ,,https://www.last.fm/music/Martin+Tingvall,,https://www.deezer.com/us/artist/1656157,https://open.spotify.com/artist/1pP9ANPPJiSJxP3k22jLPj
The Bad Plus,,2000,present,"Jazz, avant-garde jazz",,255800,147605,3482280,3500000,7777,Activate Infinity,,,https://www.last.fm/music/The+Bad+Plus,https://en.wikipedia.org/wiki/The_Bad_Plus,https://www.deezer.com/us/artist/1717,https://open.spotify.com/artist/5qOfTfMzTj2dvvpWKzIFk6
Helge Lien Trio,,,,,,32400,92041,4657202,306800,2299,Nipa Revisited - Single,,,https://www.last.fm/music/Helge+Lien+Trio,,https://www.deezer.com/us/artist/277760,https://open.spotify.com/artist/4kWBvU5JdoohnGYl7SMlfY
Tigran Hamasyan,Piano vocals,2001,present,"Jazz, progressive rock, Armenian folk",,77300,214713,1569513,1400000,18582,The Call Within,17 July 1987 ,,https://www.last.fm/music/Tigran+Hamasyan,https://en.wikipedia.org/wiki/Tigran_Hamasyan,https://www.deezer.com/us/artist/150420,https://open.spotify.com/artist/0D3h8NZqNp7BN97JwtV6eW
Aaron Parks,,,,,,47400,58454,625048,528200,4778,Move (feat. Óskar Guðjónsson & UNIFONY) - Single,,,https://www.last.fm/music/Aaron+Parks,https://en.wikipedia.org/wiki/Aaron_Parks,https://www.deezer.com/us/artist/242181,https://open.spotify.com/artist/22KzEvCtrTGf9l6k7zFcdv
Gerald Clayton,Piano,,,Jazz,"Concord, Verve, ArtistShare, Motéma",17400,58068,268159,130699,1917,Happening: Live at the Village Vanguard,11 May 1984 ,,https://www.last.fm/music/Gerald+Clayton,https://en.wikipedia.org/wiki/Gerald_Clayton,https://www.deezer.com/us/artist/294562,https://open.spotify.com/artist/5mYw31MXiGnqTMliAcl7m8
Robert Glasper,"Piano, fender rhodes, keyboard",2003,present,"Jazz, hip hop, soul, R&B, neo soul","Sounds of Crenshaw, Loma Vista, Columbia, Legacy, Blue Note, Fresh Sounds",186800,1907232,4919445,2100000,24800,Fuck Yo Feelings (Instrumentals),5 April 1978 ,,https://www.last.fm/music/Robert+Glasper,https://en.wikipedia.org/wiki/Robert_Glasper,https://www.deezer.com/us/artist/215702,https://open.spotify.com/artist/5cM1PvItlR21WUyBnsdMcn
Franz Von Chossy,,,,,,647,353,20427,10600,78,Life Theater,,,https://www.last.fm/music/Franz+Von+Chossy,,https://www.deezer.com/us/artist/5376696,https://open.spotify.com/artist/2DQEpToQes76hFE8oDr6ts
Alboran Trio,,2004-present,,jazz,,7632,5313,535614,70700,194,Near Gale,,,https://www.last.fm/music/Alboran+Trio,https://en.wikipedia.org/wiki/Alboran_Trio,https://www.deezer.com/us/artist/1976371,https://open.spotify.com/artist/5BAiqMRwZUKDmVbscImftU
Benedikt Jahnel Trio,,,,,,2803,2256,88474,43600,115,The Invariant,28 May 1980 ,,https://www.last.fm/music/Benedikt+Jahnel+Trio,,https://www.deezer.com/us/artist/161710,https://open.spotify.com/artist/7HcGEwGFOZo1xqYa3SJ6m3
Omer Klein,,,,,,8010,,,71400,161,Sleepwalkers,,,https://www.last.fm/music/Omer+Klein,,https://www.deezer.com/us/artist/6375414,
Espen Eriksen Trio,,2007 ,present,Jazz piano,,11000,41542,164319,129000,593,Perfectly Unhappy,,,https://www.last.fm/music/Espen+Eriksen+Trio,https://en.wikipedia.org/wiki/Espen_Eriksen_Trio,https://www.deezer.com/us/artist/396238,https://open.spotify.com/artist/57BkYLMXOYqJ7KHFhd1VST
Shai Maestro,,,,,,26600,63535,5779898,141500,4765,Human,,,https://www.last.fm/music/Shai+Maestro,https://en.wikipedia.org/wiki/Shai_Maestro,https://www.deezer.com/us/artist/5181414,https://open.spotify.com/artist/0ctjXj4AKsMtj6Tsm0JzSj
Marcin Wasilewski Trio,,,,,,65000,240151,5784304,535600,1174,Arco,,,https://www.last.fm/music/Marcin+Wasilewski+Trio,,https://www.deezer.com/us/artist/75509,https://open.spotify.com/artist/2UGL8QDKTSVXMqZqQR8DRL
Tingvall Trio,,,,,,30700,247114,894509,518400,2399,Dance,,,https://www.last.fm/music/Tingvall+Trio,,https://www.deezer.com/us/artist/392255,https://open.spotify.com/artist/65mwyp96M7Yx78x8XVz39M
Greg Foat,,,,,,14300,107312,610113,99500,232,Symphonie Pacifique,,,https://www.last.fm/music/Greg+Foat,,https://www.deezer.com/us/artist/9462270,https://open.spotify.com/artist/20HVrU8f5rcNg2aZkMiSP0
GoGo Penguin,,2012 ,present,"Jazz, Electronica, trip hop, ambient, experimental, minimalist","Blue Note Records, Gondwana Records",140700,373034,10353283,3100000,25080,GoGo Penguin,,,https://www.last.fm/music/GoGo+Penguin,https://en.wikipedia.org/wiki/GoGo_Penguin,https://www.deezer.com/us/artist/4052492,https://open.spotify.com/artist/19f2JXwlRU26376TCKmp6L
Lund Quartet,,,,,,22300,47803,1371862,205600,1378,Sequoia - Single,,,https://www.last.fm/music/Lund+Quartet,,https://www.deezer.com/us/artist/1570070,https://open.spotify.com/artist/6GUoU3k0b3qF1T06UvyAhk
Maria Chiara Argirò,,,,,,538,914,2877,3565,14,Hidden Seas (Remixed) - Single,,,https://www.last.fm/music/Maria+Chiara+Argirò,,https://www.deezer.com/us/artist/11279272,https://open.spotify.com/artist/2uz9ERD3U5c4F2CZDS0mzb
Alfa Mist,,,,,,75900,344956,4507049,996700,7372,Epoch,,,https://www.last.fm/music/Alfa+Mist,,https://www.deezer.com/us/artist/4660257,https://open.spotify.com/artist/2i1CPudyCUjL50Wqjv8AMI
The Simon Lasky Group,,,,,,17,20,,86,1,"Story Inside (feat. Simon Lasky, Shanti Jayasinha, Luca Boscagin, SatinSingh, Pete Billington & Jeff Lardner)",,,https://www.last.fm/music/The+Simon+Lasky+Group,,https://www.deezer.com/us/artist/7644482,https://open.spotify.com/artist/3EtT94BXcyW0VXt45NykHX
George Van Eps,Seven-string guitar,1924,1998,"Jazz, swing","Capitol, Concord Jazz",3714,2173,35327,24900,156,Keepin' Time,7 August 1913,29 November 1998,https://www.last.fm/music/George+Van+Eps,https://en.wikipedia.org/wiki/George_Van_Eps,https://www.deezer.com/us/artist/453979,https://open.spotify.com/artist/6QL3lIEWRff6Nn0Iy1yIps
Django Reinhardt,Guitar violin banjo,1928,1953,"Jazz, gypsy jazz, bebop, Romani music",,595500,671423,14257815,13200000,157186,Back In The Game,23 January 1910,16 May 1953,https://www.last.fm/music/Django+Reinhardt,https://en.wikipedia.org/wiki/Django_Reinhardt,https://www.deezer.com/us/artist/1609,https://open.spotify.com/artist/5Z1XZyEFY0dewG8faEIiEx
Billy Bauer,Guitar,1930s,1990s,Jazz,,4798,4384,164193,30500,46,The Best of Billy Bauer,14 November 1915,16 June 2005,https://www.last.fm/music/Billy+Bauer,https://en.wikipedia.org/wiki/Billy_Bauer,https://www.deezer.com/us/artist/986239,https://open.spotify.com/artist/2Stsu7b2rXjs8idU9wjQgf
Charlie Christian,Guitar,,,"Jazz, swing",,73000,27473,621825,637500,,Flying Home / Rose Room,29 July 1916,2 March 1942,https://www.last.fm/music/Charlie+Christian,https://en.wikipedia.org/wiki/Charlie_Christian,https://www.deezer.com/us/artist/54141,https://open.spotify.com/artist/0WdDpEeDIDmtYh5sqRrdI6
Johnny Smith,Guitar,1935,1992,Jazz,"Columbia, Concord, Roost, Roulette, Verve",27100,11013,118401,232900,307,0500 Blues / Little Girl Blue,25 June 1922,11 June 2013,https://www.last.fm/music/Johnny+Smith,https://en.wikipedia.org/wiki/Johnny_Smith,https://www.deezer.com/us/artist/74585,https://open.spotify.com/artist/3u7Tz2oLTRPG9Cn7PcuZ2q
Barney Kessel,Guitar,1940s,1992,"Jazz, Pop, R&B, Rock","Contemporary, Reprise, Black Lion, Concord Jazz",63500,49330,144354,528000,13798,"Easy Like, Vol. 1",17 October 1923,6 May 2004,https://www.last.fm/music/Barney+Kessel,https://en.wikipedia.org/wiki/Barney_Kessel,https://www.deezer.com/us/artist/64427,https://open.spotify.com/artist/6pVkGhtBvjj1P52yn0tNLG
Luiz Bonfá,Guitar,1940s,2001,"Brazilian jazz, bossa nova","Verve, Dot, Cook, Philips, Epic",148200,708850,40063287,1400000,10352,Luiz Bonfá Plays and Sings Bossa Nova,17 October 1922,12 January 2001,https://www.last.fm/music/Luiz+Bonfá,https://en.wikipedia.org/wiki/Luiz_Bonfá,https://www.deezer.com/us/artist/7964,https://open.spotify.com/artist/174ThXFgQg2VCq9r3m8ceb
Joe Pass,Guitar,1943,1994,Jazz,"Pacific Jazz, Concord, Pablo",189500,718108,6503037,2200000,18238,Sleepless Times,13 January 1929,23 May 1994,https://www.last.fm/music/Joe+Pass,https://en.wikipedia.org/wiki/Joe_Pass,https://www.deezer.com/us/artist/8312,https://open.spotify.com/artist/4DuZTASH5eSyd0K73W6fuZ
Jimmy Raney,Guitar,1944,1994,"Jazz, cool jazz","Prestige, Xanadu, Criss Cross",18300,12474,42855,123900,4006,"The Best of Jimmy Raney, Bob Brookmeyer and Howard Roberts",20 August 1927,10 May 1995,https://www.last.fm/music/Jimmy+Raney,https://en.wikipedia.org/wiki/Jimmy_Raney,https://www.deezer.com/us/artist/89140,https://open.spotify.com/artist/42MZam7rropEzPCxlGTmOs
Ernest Ranglin,Guitar,1947,present,"Ska, rocksteady, reggae, jazz","Federal, Island, Studio One, MPS, Palm Pictures, Telarc, AIX",93900,302223,6691793,889200,42421,Mr. Ranglin With Soul,19 June 1932 ,,https://www.last.fm/music/Ernest+Ranglin,https://en.wikipedia.org/wiki/Ernest_Ranglin,https://www.deezer.com/us/artist/3941,https://open.spotify.com/artist/6RTCb5pWKinqlUyG2qacit
Wes Montgomery,Guitar,1947,1968,Jazz,"Pacific Jazz, Riverside, Verve, A&M",422000,1067451,12921923,5200000,95781,The World Is A Paradise,6 March 1923,15 June 1968,https://www.last.fm/music/Wes+Montgomery,https://en.wikipedia.org/wiki/Wes_Montgomery,https://www.deezer.com/us/artist/75104,https://open.spotify.com/artist/03YhcM6fxypfwckPCQV8pQ
Bucky Pizzarelli,Guitar,1950,2018,"Jazz, swing, big band","Savoy, Stash, Arbors, Victoria, Chesky",6175,6502,108765,57200,940,Duet (Remaster),9 January 1926,1 April 2020,https://www.last.fm/music/Bucky+Pizzarelli,https://en.wikipedia.org/wiki/Bucky_Pizzarelli,https://www.deezer.com/us/artist/442195,https://open.spotify.com/artist/0Adi1C37oMa2axoBWcMtxq
Jack Wilkins,Guitar,1950s,present,Jazz,"Mainstream, Chiaroscuro",22300,68317,2700007,106700,108,Beautiful City - Single,3 June 1944 ,,https://www.last.fm/music/Jack+Wilkins,https://en.wikipedia.org/wiki/Jack_Wilkins,https://www.deezer.com/us/artist/94719,https://open.spotify.com/artist/6oalE1Ov29U9WBDn63puSu
Baden Powell,Guitar,1950s,1990s,"Brazilian jazz, bossa nova",,236800,340163,4815466,2800000,42062,Endless Sky,6 August 1937,26 September 2000,https://www.last.fm/music/Baden+Powell,https://en.wikipedia.org/wiki/Baden_Powell_(musician),https://www.deezer.com/us/artist/55599,https://open.spotify.com/artist/0VSgciOd32tP2Yna1w4vDr
Tal Farlow,Guitar,,,Jazz,"Norgran, Verve, Xanadu, Prestige, Blue Note, Concord",60900,40829,419441,425100,1734,Taking A Chance On Love / Yardbird Suite,7 June 1921,24 July 1998,https://www.last.fm/music/Tal+Farlow,https://en.wikipedia.org/wiki/Tal_Farlow,https://www.deezer.com/us/artist/74555,https://open.spotify.com/artist/0dIXV3ffgWlMcnywNIy0Wf
Kenny Burrell,Guitar,1951,present,"Jazz, blues, soul jazz","Blue Note, Prestige, Verve, Fantasy, Fortune, Concord Jazz, Highnote",272600,641277,11145456,2300000,35513,Sleepless Times,31 July 1931 ,,https://www.last.fm/music/Kenny+Burrell,https://en.wikipedia.org/wiki/Kenny_Burrell,https://www.deezer.com/us/artist/9243,https://open.spotify.com/artist/1sdyFmN4bVOcuFDpTVsxBB
John Pisano,Guitar,1952,present,Jazz,"Pablo, Mel Bay",1322,791,8783,5580,28,Essential Jazz Guitar Masters,6 February 1931 ,,https://www.last.fm/music/John+Pisano,https://en.wikipedia.org/wiki/John_Pisano,https://www.deezer.com/us/artist/1091860,https://open.spotify.com/artist/2WUJLquoFIOF06aJFP0VbR
George Benson,"Vocals, guitar",1954,present[1],"Jazz, R&B, funk, soul","Prestige, Columbia, Verve, A&M, CTI, Warner Bros., GRP, Concord, Mascot",583900,3286546,49243580,6300000,486987,Weekend in London (Live),22 March 1943 ,,https://www.last.fm/music/George+Benson,https://en.wikipedia.org/wiki/George_Benson,https://www.deezer.com/us/artist/4029,https://open.spotify.com/artist/4N8BwYTEC6XqykGvXXlmfv
Jim Hall,Guitar,1955,2013,"Jazz, cool jazz, post-bop","CTI, Concord, Telarc, ArtistShare",124600,745103,41488926,948300,30521,Sleepless Times,4 December 1930,10 December 2013,https://www.last.fm/music/Jim+Hall,https://en.wikipedia.org/wiki/Jim_Hall_(musician),https://www.deezer.com/us/artist/15520,https://open.spotify.com/artist/5pMmqpG3HsoJ6EDDoXGXEr
Lenny Breau,Guitar,1956,1984,"Jazz, country","RCA, Adelphi",13900,8819,62819,136000,614,LA Bootleg 1984,5 August 1941,12 August 1984,https://www.last.fm/music/Lenny+Breau,https://en.wikipedia.org/wiki/Lenny_Breau,https://www.deezer.com/us/artist/274295,https://open.spotify.com/artist/5ZNvJC7YIhztLqxS58c1or
Pat Martino,Guitar,1959,present,"Jazz fusion, mainstream jazz, soul jazz","Prestige, Warner Bros, Muse, Blue Note, HighNote",101400,61084,256612,762300,4675,First Light (First Light; Joyous Lake & Starbright),25 August 1944 ,,https://www.last.fm/music/Pat+Martino,https://en.wikipedia.org/wiki/Pat_Martino,https://www.deezer.com/us/artist/66102,https://open.spotify.com/artist/4DlMMgnldzX6OkCskmeGKz
Grant Green,Guitar,1959 ,,"Jazz, bebop, hard bop, soul jazz, jazz blues, jazz-funk",,288600,368047,8740157,2800000,18255,God Bless the Child,6 June 1935,31 January 1979,https://www.last.fm/music/Grant+Green,https://en.wikipedia.org/wiki/Grant_Green,https://www.deezer.com/us/artist/8437,https://open.spotify.com/artist/6dAtGAnHCQ1ujMUZ9Ep82k
Gene Bertoncini,Guitar,1960s,present,Jazz,"MPS, Stash, Chiaroscuro, Concord, Motéma",3165,809,7686,23100,62,Concerti,6 April 1937 ,,https://www.last.fm/music/Gene+Bertoncini,https://en.wikipedia.org/wiki/Gene_Bertoncini,https://www.deezer.com/us/artist/107958,https://open.spotify.com/artist/3ATJ09aVV7r7szOlQCnHMp
Ted Greene,Guitar,,,"Rock, blues, jazz",,7181,14261,919081,49400,553,Ted Greene: Solo Guitar,26 September 1946,23 July 2005,https://www.last.fm/music/Ted+Greene,https://en.wikipedia.org/wiki/Ted_Greene,https://www.deezer.com/us/artist/1278020,https://open.spotify.com/artist/5GPOtnbe7RBHBUur5OzpO3
Don Mock,,,,,,152,50,3390,2075,13,Speed Of Light,,,https://www.last.fm/music/Don+Mock,,https://www.deezer.com/us/artist/3041261,https://open.spotify.com/artist/4KzRv6nTemum0etCpZQevQ
John McLaughlin,Guitar,1963,present,"Jazz, Jazz rock, jazz fusion, world fusion, progressive rock, psychedelic rock","Columbia, Verve",179500,211551,6204432,1600000,35004,Live in San Francisco (feat. The 4th Dimension & The Invisible Whip),4 January 1942 ,,https://www.last.fm/music/John+McLaughlin,https://en.wikipedia.org/wiki/John_McLaughlin_(musician),https://www.deezer.com/us/artist/15326,https://open.spotify.com/artist/4v0R1feRiuCDch7aAheVhY
Martin Taylor,Guitar,1964,present,Jazz,"Linn, Acoustic Disc, Sony, Columbia",26700,14599,228394,238300,2410,Love Songs,20 October 1956 ,,https://www.last.fm/music/Martin+Taylor,https://en.wikipedia.org/wiki/Martin_Taylor_(guitarist),https://www.deezer.com/us/artist/73688,https://open.spotify.com/artist/3ZNRPH9WeMybGggbmNOE62
Larry Coryell,Guitar,1965,2017,"Jazz, jazz fusion, free jazz, pop, classical","Vanguard, Arista, Novus, Muse, Shanachie, Chesky, Wide Hive, Patuxent",65600,34703,388021,462200,8033,Bolero (Remaster),2 April 1943,19 February 2017,https://www.last.fm/music/Larry+Coryell,https://en.wikipedia.org/wiki/Larry_Coryell,https://www.deezer.com/us/artist/143263,https://open.spotify.com/artist/25s8YpOLWqI2SgTlvapJyQ
